<?xml version="1.0" encoding="UTF-8" standalone="yes"?>
<addon id="script.openweathermap.maps" name="OpenWeatherMap Maps" version="0.0.16" provider-name="ronie">
	<requires>
		<import addon="xbmc.python" version="2.20.0"/>
		<import addon="script.module.pil" version="1.1.7"/>
	</requires>
	<extension point="xbmc.python.library" library="default.py"/>
	<extension point="xbmc.addon.metadata">
		<summary lang="en">Weather maps from openweathermap.org</summary>
		<description lang="en">Weather maps provided by OpenWeatherMap (http://openweathermap.org/)</description>
		<language></language>
		<platform>all</platform>
		<license>GNU GENERAL PUBLIC LICENSE Version 2</license>
		<forum></forum>
		<website>http://forum.kodi.tv/showthread.php?tid=207110</website>
		<email></email>
		<source>https://github.com/ronie/weather.openweathermap.maps/</source>
	</extension>
</addon>

