<?xml version="1.0" encoding="UTF-8"?>
<window id="2000">
	<defaultcontrol always="true">3</defaultcontrol>
	<include>16x9_xPos_Relocation</include>
	<include>Window_OpenClose_Animation_Zoom</include>
	<coordinates>
		<posx>114</posx>
		<posy>0</posy>
	</coordinates>
	<controls>
		<control type="image">
			<description>Shadow Background for dialogs without BehindDialogFadeOut include</description>
			<posx>-30</posx>
			<posy>-30</posy>
			<width>770</width>
			<height>650</height>
			<texture border="30">DialogShadow.png</texture>
		</control>
		<control type="image">
			<posx>0</posx>
			<posy>0</posy>
			<width>710</width>
			<height>60</height>
			<texture border="5">DialogHeader.png</texture>
		</control>
		<control type="image">
			<posx>0</posx>
			<posy>60</posy>
			<width>710</width>
			<height>540</height>
			<texture border="5">DialogBack.png</texture>
		</control>
		<control type="label" id="1">
			<description>header label</description>
			<posx>20</posx>
			<posy>0</posy>
			<include>WindowTitleCommons</include>
			<width>600</width>
			<label>$LOCALIZE[13406]</label>
		</control>
		<control type="group">
			<posx>640</posx>
			<posy>0</posy>
			<include>DialogCloseButtonCommons</include>
		</control>
		<control type="list" id="3">
			<animation effect="slide" start="0,0" end="10,0" time="0" condition="!Control.IsVisible(60)">Conditional</animation>
			<posx>0</posx>
			<posy>60</posy>
			<width>600</width>
			<height>600</height>
			<onup>3</onup>
			<ondown>3</ondown>
			<onleft>5</onleft>
			<onright>61</onright>
			<pagecontrol>60</pagecontrol>
			<scrolltime>200</scrolltime>
			<itemlayout height="60" width="600">
				<control type="image">
					<posx>0</posx>
					<posy>-2</posy>
					<width>600</width>
					<height>5</height>
					<texture>separator.png</texture>
				</control>
				<control type="label">
					<posx>20</posx>
					<posy>0</posy>
					<width>560</width>
					<height>60</height>
					<font>font24_title</font>
					<textcolor>black</textcolor>
					<selectedcolor>selected</selectedcolor>
					<align>left</align>
					<aligny>center</aligny>
					<label>$INFO[ListItem.Label]</label>
				</control>
			</itemlayout>
			<focusedlayout height="60" width="680">
				<control type="image">
					<posx>0</posx>
					<posy>-2</posy>
					<width>600</width>
					<height>5</height>
					<texture>separator.png</texture>
				</control>
				<control type="label">
					<posx>20</posx>
					<posy>0</posy>
					<width>560</width>
					<height>60</height>
					<font>font24_title</font>
					<textcolor>black</textcolor>
					<selectedcolor>selected</selectedcolor>
					<align>left</align>
					<aligny>center</aligny>
					<label>$INFO[ListItem.Label]</label>
				</control>
			</focusedlayout>
		</control>
		<control type="scrollbar" id="60">
			<posx>680</posx>
			<posy>55</posy>
			<width>45</width>
			<height>550</height>
			<texturesliderbackground border="0,14,0,14">ScrollBarV.png</texturesliderbackground>
			<texturesliderbar border="0,14,0,14">ScrollBarV_bar.png</texturesliderbar>
			<texturesliderbarfocus border="0,14,0,14">ScrollBarV_bar_focus.png</texturesliderbarfocus>
			<textureslidernib>ScrollBarNib.png</textureslidernib>
			<textureslidernibfocus>ScrollBarNib.png</textureslidernibfocus>
			<onleft>3</onleft>
			<onright>3</onright>
			<ondown>60</ondown>
			<onup>60</onup>
			<showonepage>false</showonepage>
			<orientation>vertical</orientation>
			<animation effect="fade" time="150">Visible</animation>
			<animation effect="fade" time="150">Hidden</animation>
			<visible>Control.IsVisible(3)</visible>
		</control>
		<control type="list" id="6">
			<animation effect="slide" start="0,0" end="10,0" time="0" condition="!Control.IsVisible(61)">Conditional</animation>
			<posx>0</posx>
			<posy>60</posy>
			<width>700</width>
			<height>600</height>
			<onup>6</onup>
			<ondown>6</ondown>
			<onleft>5</onleft>
			<onright>61</onright>
			<pagecontrol>61</pagecontrol>
			<scrolltime>200</scrolltime>
			<itemlayout height="100" width="640">
				<control type="image">
					<posx>0</posx>
					<posy>-2</posy>
					<width>600</width>
					<height>5</height>
					<texture>separator.png</texture>
				</control>
				<control type="label">
					<posx>20</posx>
					<posy>5</posy>
					<width>540</width>
					<height>30</height>
					<font>font24_title</font>
					<textcolor>black</textcolor>
					<selectedcolor>selected</selectedcolor>
					<align>left</align>
					<aligny>center</aligny>
					<label>[B]$INFO[ListItem.Label][/B]</label>
				</control>
				<control type="textbox">
					<posx>30</posx>
					<posy>37</posy>
					<width>540</width>
					<height>58</height>
					<font>font22_title</font>
					<textcolor>black</textcolor>
					<align>left</align>
					<label>$INFO[ListItem.Property(Addon.Summary)]</label>
				</control>
				<control type="image">
					<posx>580</posx>
					<posy>5</posy>
					<width>100</width>
					<height>90</height>
					<texture>$INFO[Listitem.Icon]</texture>
					<bordertexture>ThumbBorderGrey.png</bordertexture>
					<bordersize>2</bordersize>
				</control>
			</itemlayout>
			<focusedlayout height="100" width="640">
				<control type="image">
					<posx>0</posx>
					<posy>-2</posy>
					<width>600</width>
					<height>5</height>
					<texture>separator.png</texture>
				</control>
				<control type="label">
					<posx>20</posx>
					<posy>5</posy>
					<width>550</width>
					<height>30</height>
					<font>font22_title</font>
					<textcolor>black</textcolor>
					<selectedcolor>selected</selectedcolor>
					<align>left</align>
					<aligny>center</aligny>
					<label>[B]$INFO[ListItem.Label][/B]</label>
				</control>
				<control type="textbox">
					<posx>30</posx>
					<posy>37</posy>
					<width>540</width>
					<height>58</height>
					<font>font22_title</font>
					<textcolor>black</textcolor>
					<align>left</align>
					<label>$INFO[ListItem.Property(Addon.Summary)]</label>
				</control>
				<control type="image">
					<posx>580</posx>
					<posy>5</posy>
					<width>100</width>
					<height>90</height>
					<texture>$INFO[Listitem.Icon]</texture>
					<bordertexture>ThumbBorderGrey.png</bordertexture>
					<bordersize>2</bordersize>
				</control>
			</focusedlayout>
		</control>
		<control type="scrollbar" id="61">
			<posx>680</posx>
			<posy>55</posy>
			<width>45</width>
			<height>550</height>
			<texturesliderbackground border="0,14,0,14">ScrollBarV.png</texturesliderbackground>
			<texturesliderbar border="0,14,0,14">ScrollBarV_bar.png</texturesliderbar>
			<texturesliderbarfocus border="0,14,0,14">ScrollBarV_bar_focus.png</texturesliderbarfocus>
			<textureslidernib>ScrollBarNib.png</textureslidernib>
			<textureslidernibfocus>ScrollBarNib.png</textureslidernibfocus>
			<onleft>6</onleft>
			<onright>6</onright>
			<ondown>61</ondown>
			<onup>61</onup>
			<showonepage>false</showonepage>
			<orientation>vertical</orientation>
			<animation effect="fade" time="150">Visible</animation>
			<animation effect="fade" time="150">Hidden</animation>
			<visible>Control.IsVisible(6)</visible>
		</control>
		<control type="label">
			<description>number of files/pages in list text label</description>
			<posx>680</posx>
			<posy>550</posy>
			<width>300</width>
			<height>30</height>
			<font>font20</font>
			<align>right</align>
			<aligny>center</aligny>
			<scroll>true</scroll>
			<textcolor>black</textcolor>
			<label>($INFO[Container(3).NumItems]) $LOCALIZE[31025] - $LOCALIZE[31024] ($INFO[Container(3).CurrentPage]/$INFO[Container(3).NumPages])</label>
			<visible>Control.IsVisible(3)</visible>
		</control>
		<control type="label">
			<description>number of files/pages in list text label</description>
			<posx>680</posx>
			<posy>550</posy>
			<width>300</width>
			<height>30</height>
			<font>font20</font>
			<align>right</align>
			<aligny>center</aligny>
			<scroll>true</scroll>
			<textcolor>black</textcolor>
			<label>($INFO[Container(6).NumItems]) $LOCALIZE[31025] - $LOCALIZE[31024] ($INFO[Container(6).CurrentPage]/$INFO[Container(6).NumPages])</label>
			<visible>Control.IsVisible(6)</visible>
		</control>
		<control type="button" id="5">
			<description>Manual button</description>
			<posx>20</posx>
			<posy>540</posy>
			<width>200</width>
			<include>ButtonInfoDialogsCommonValues</include>
			<label>186</label>
			<onleft>61</onleft>
			<onright>3</onright>
			<onup>3</onup>
			<ondown>3</ondown>
		</control>
	</controls>
</window>
