<?xml version="1.0" encoding="UTF-8"?>

<!--  Clock white  -->
<includes>
	<include name="Clock_Hour">
		<control type="grouplist">
			<posx>440</posx>
			<posy>70</posy>
			<width>400</width>
			<height>400</height>
			<itemgap>6</itemgap>
			<align>center</align>
			<orientation>horizontal</orientation>
			<control type="group">
				<posx>0</posx>
				<posy>0</posy>
				<width>400</width>
				<height>400</height>
				<visible>Skin.HasSetting(Enable_Clock_Animation)</visible>

	<!-- 00:00-01:00  -->
				<control type="image">
					<visible>System.Time(00:00,00:15) | System.Time(12:00,12:15)</visible>
					<posx>0</posx>
					<posy>0</posy>
					<width>400</width>
					<height>400</height>
					<texture>clock/hours/00-0.png</texture>
				</control>
				<control type="image">
					<visible>System.Time(00:15,00:30) | System.Time(12:15,12:30)</visible>
					<posx>0</posx>
					<posy>0</posy>
					<width>400</width>
					<height>400</height>
					<texture>clock/hours/00-1.png</texture>
				</control>
				<control type="image">
					<visible>System.Time(00:30,00:45) | System.Time(12:30,12:45)</visible>
					<posx>0</posx>
					<posy>0</posy>
					<width>400</width>
					<height>400</height>
					<texture>clock/hours/00-3.png</texture>
				</control>
				<control type="image">
					<visible>System.Time(00:45,01:00) | System.Time(12:45,13:00)</visible>
					<posx>0</posx>
					<posy>0</posy>
					<width>400</width>
					<height>400</height>
					<texture>clock/hours/00-4.png</texture>
				</control>
				
	<!-- 01:00-02:00  -->
				<control type="image">
					<visible>System.Time(01:00,01:15) | System.Time(13:00,13:15)</visible>
					<posx>0</posx>
					<posy>0</posy>
					<width>400</width>
					<height>400</height>
					<texture>clock/hours/01-0.png</texture>
				</control>
				<control type="image">
					<visible>System.Time(01:15,01:30) | System.Time(13:15,13:30)</visible>
					<posx>0</posx>
					<posy>0</posy>
					<width>400</width>
					<height>400</height>
					<texture>clock/hours/01-1.png</texture>
				</control>
				<control type="image">
					<visible>System.Time(01:30,01:45) | System.Time(13:30,13:45)</visible>
					<posx>0</posx>
					<posy>0</posy>
					<width>400</width>
					<height>400</height>
					<texture>clock/hours/01-3.png</texture>
				</control>
				<control type="image">
					<visible>System.Time(01:45,02:00) | System.Time(13:45,14:00)</visible>
					<posx>0</posx>
					<posy>0</posy>
					<width>400</width>
					<height>400</height>
					<texture>clock/hours/01-4.png</texture>
				</control>

	<!-- 02:00-03:00  -->
				<control type="image">
					<visible>System.Time(02:00,02:15) | System.Time(14:00,14:15)</visible>
					<posx>0</posx>
					<posy>0</posy>
					<width>400</width>
					<height>400</height>
					<texture>clock/hours/02-0.png</texture>
				</control>
				<control type="image">
					<visible>System.Time(02:15,02:30) | System.Time(14:15,14:30)</visible>
					<posx>0</posx>
					<posy>0</posy>
					<width>400</width>
					<height>400</height>
					<texture>clock/hours/02-1.png</texture>
				</control>
				<control type="image">
					<visible>System.Time(02:30,02:45) | System.Time(14:30,14:45)</visible>
					<posx>0</posx>
					<posy>0</posy>
					<width>400</width>
					<height>400</height>
					<texture>clock/hours/02-3.png</texture>
				</control>
				<control type="image">
					<visible>System.Time(02:45,03:00) | System.Time(14:45,15:00)</visible>
					<posx>0</posx>
					<posy>0</posy>
					<width>400</width>
					<height>400</height>
					<texture>clock/hours/02-4.png</texture>
				</control>
				
	<!-- 03:00-04:00  -->
				<control type="image">
					<visible>System.Time(03:00,03:15) | System.Time(15:00,15:15)</visible>
					<posx>0</posx>
					<posy>0</posy>
					<width>400</width>
					<height>400</height>
					<texture>clock/hours/03-0.png</texture>
				</control>
				<control type="image">
					<visible>System.Time(03:15,03:30) | System.Time(15:15,15:30)</visible>
					<posx>0</posx>
					<posy>0</posy>
					<width>400</width>
					<height>400</height>
					<texture>clock/hours/03-1.png</texture>
				</control>
				<control type="image">
					<visible>System.Time(03:30,03:45) | System.Time(15:30,15:45)</visible>
					<posx>0</posx>
					<posy>0</posy>
					<width>400</width>
					<height>400</height>
					<texture>clock/hours/03-3.png</texture>
				</control>
				<control type="image">
					<visible>System.Time(03:45,04:00) | System.Time(15:45,16:00)</visible>
					<posx>0</posx>
					<posy>0</posy>
					<width>400</width>
					<height>400</height>
					<texture>clock/hours/03-4.png</texture>
				</control>				

	<!-- 04:00-05:00  -->
				<control type="image">
					<visible>System.Time(04:00,04:15) | System.Time(16:00,16:15)</visible>
					<posx>0</posx>
					<posy>0</posy>
					<width>400</width>
					<height>400</height>
					<texture>clock/hours/04-0.png</texture>
				</control>
				<control type="image">
					<visible>System.Time(04:15,04:30) | System.Time(16:15,16:30)</visible>
					<posx>0</posx>
					<posy>0</posy>
					<width>400</width>
					<height>400</height>
					<texture>clock/hours/04-1.png</texture>
				</control>
				<control type="image">
					<visible>System.Time(04:30,04:45) | System.Time(16:30,16:45)</visible>
					<posx>0</posx>
					<posy>0</posy>
					<width>400</width>
					<height>400</height>
					<texture>clock/hours/04-3.png</texture>
				</control>
				<control type="image">
					<visible>System.Time(04:45,05:00) | System.Time(16:45,17:00)</visible>
					<posx>0</posx>
					<posy>0</posy>
					<width>400</width>
					<height>400</height>
					<texture>clock/hours/04-4.png</texture>
				</control>				

	<!-- 05:00-06:00  -->
				<control type="image">
					<visible>System.Time(05:00,05:15) | System.Time(17:00,17:15)</visible>
					<posx>0</posx>
					<posy>0</posy>
					<width>400</width>
					<height>400</height>
					<texture>clock/hours/05-0.png</texture>
				</control>
				<control type="image">
					<visible>System.Time(05:15,05:30) | System.Time(17:15,17:30)</visible>
					<posx>0</posx>
					<posy>0</posy>
					<width>400</width>
					<height>400</height>
					<texture>clock/hours/05-1.png</texture>
				</control>
				<control type="image">
					<visible>System.Time(05:30,05:45) | System.Time(17:30,17:45)</visible>
					<posx>0</posx>
					<posy>0</posy>
					<width>400</width>
					<height>400</height>
					<texture>clock/hours/05-3.png</texture>
				</control>
				<control type="image">
					<visible>System.Time(05:45,06:00) | System.Time(17:45,18:00)</visible>
					<posx>0</posx>
					<posy>0</posy>
					<width>400</width>
					<height>400</height>
					<texture>clock/hours/05-4.png</texture>
				</control>				

	<!-- 06:00-07:00  -->
				<control type="image">
					<visible>System.Time(06:00,06:15) | System.Time(18:00,18:15)</visible>
					<posx>0</posx>
					<posy>0</posy>
					<width>400</width>
					<height>400</height>
					<texture>clock/hours/06-0.png</texture>
				</control>
				<control type="image">
					<visible>System.Time(06:15,06:30) | System.Time(18:15,18:30)</visible>
					<posx>0</posx>
					<posy>0</posy>
					<width>400</width>
					<height>400</height>
					<texture>clock/hours/06-1.png</texture>
				</control>
				<control type="image">
					<visible>System.Time(06:30,06:45) | System.Time(18:30,18:45)</visible>
					<posx>0</posx>
					<posy>0</posy>
					<width>400</width>
					<height>400</height>
					<texture>clock/hours/06-3.png</texture>
				</control>
				<control type="image">
					<visible>System.Time(06:45,07:00) | System.Time(18:45,19:00)</visible>
					<posx>0</posx>
					<posy>0</posy>
					<width>400</width>
					<height>400</height>
					<texture>clock/hours/06-4.png</texture>
				</control>				

	<!-- 07:00-08:00  -->
				<control type="image">
					<visible>System.Time(07:00,07:15) | System.Time(19:00,19:15)</visible>
					<posx>0</posx>
					<posy>0</posy>
					<width>400</width>
					<height>400</height>
					<texture>clock/hours/07-0.png</texture>
				</control>
				<control type="image">
					<visible>System.Time(07:15,07:30) | System.Time(19:15,19:30)</visible>
					<posx>0</posx>
					<posy>0</posy>
					<width>400</width>
					<height>400</height>
					<texture>clock/hours/07-1.png</texture>
				</control>
				<control type="image">
					<visible>System.Time(07:30,07:45) | System.Time(19:30,19:45)</visible>
					<posx>0</posx>
					<posy>0</posy>
					<width>400</width>
					<height>400</height>
					<texture>clock/hours/07-3.png</texture>
				</control>
				<control type="image">
					<visible>System.Time(07:45,08:00) | System.Time(19:45,20:00)</visible>
					<posx>0</posx>
					<posy>0</posy>
					<width>400</width>
					<height>400</height>
					<texture>clock/hours/07-4.png</texture>
				</control>				

	<!-- 08:00-09:00  -->
				<control type="image">
					<visible>System.Time(08:00,08:15) | System.Time(20:00,20:15)</visible>
					<posx>0</posx>
					<posy>0</posy>
					<width>400</width>
					<height>400</height>
					<texture>clock/hours/08-0.png</texture>
				</control>
				<control type="image">
					<visible>System.Time(08:15,08:30) | System.Time(20:15,20:30)</visible>
					<posx>0</posx>
					<posy>0</posy>
					<width>400</width>
					<height>400</height>
					<texture>clock/hours/08-1.png</texture>
				</control>
				<control type="image">
					<visible>System.Time(08:30,08:45) | System.Time(20:30,20:45)</visible>
					<posx>0</posx>
					<posy>0</posy>
					<width>400</width>
					<height>400</height>
					<texture>clock/hours/08-3.png</texture>
				</control>
				<control type="image">
					<visible>System.Time(08:45,09:00) | System.Time(20:45,21:00)</visible>
					<posx>0</posx>
					<posy>0</posy>
					<width>400</width>
					<height>400</height>
					<texture>clock/hours/08-4.png</texture>
				</control>				

	<!-- 09:00-10:00  -->
				<control type="image">
					<visible>System.Time(09:00,09:15) | System.Time(21:00,21:15)</visible>
					<posx>0</posx>
					<posy>0</posy>
					<width>400</width>
					<height>400</height>
					<texture>clock/hours/09-0.png</texture>
				</control>
				<control type="image">
					<visible>System.Time(09:15,09:30) | System.Time(21:15,21:30)</visible>
					<posx>0</posx>
					<posy>0</posy>
					<width>400</width>
					<height>400</height>
					<texture>clock/hours/09-1.png</texture>
				</control>
				<control type="image">
					<visible>System.Time(09:30,09:45) | System.Time(21:30,21:45)</visible>
					<posx>0</posx>
					<posy>0</posy>
					<width>400</width>
					<height>400</height>
					<texture>clock/hours/09-3.png</texture>
				</control>
				<control type="image">
					<visible>System.Time(09:45,10:00) | System.Time(21:45,22:00)</visible>
					<posx>0</posx>
					<posy>0</posy>
					<width>400</width>
					<height>400</height>
					<texture>clock/hours/09-4.png</texture>
				</control>				

	<!-- 10:00-11:00  -->
				<control type="image">
					<visible>System.Time(10:00,10:15) | System.Time(22:00,22:15)</visible>
					<posx>0</posx>
					<posy>0</posy>
					<width>400</width>
					<height>400</height>
					<texture>clock/hours/10-0.png</texture>
				</control>
				<control type="image">
					<visible>System.Time(10:15,10:30) | System.Time(22:15,22:30)</visible>
					<posx>0</posx>
					<posy>0</posy>
					<width>400</width>
					<height>400</height>
					<texture>clock/hours/10-1.png</texture>
				</control>
				<control type="image">
					<visible>System.Time(10:30,10:45) | System.Time(22:30,22:45)</visible>
					<posx>0</posx>
					<posy>0</posy>
					<width>400</width>
					<height>400</height>
					<texture>clock/hours/10-2.png</texture>
				</control>
				<control type="image">
					<visible>System.Time(10:45,11:00) | System.Time(22:45,23:00)</visible>
					<posx>0</posx>
					<posy>0</posy>
					<width>400</width>
					<height>400</height>
					<texture>clock/hours/10-3.png</texture>
				</control>				

	<!-- 11:00-12:00  -->
				<control type="image">
					<visible>System.Time(11:00,11:15) | System.Time(23:00,23:15)</visible>
					<posx>0</posx>
					<posy>0</posy>
					<width>400</width>
					<height>400</height>
					<texture>clock/hours/11-0.png</texture>
				</control>
				<control type="image">
					<visible>System.Time(11:15,11:30) | System.Time(23:15,23:30)</visible>
					<posx>0</posx>
					<posy>0</posy>
					<width>400</width>
					<height>400</height>
					<texture>clock/hours/11-1.png</texture>
				</control>
				<control type="image">
					<visible>System.Time(11:30,11:45) | System.Time(23:30,23:45)</visible>
					<posx>0</posx>
					<posy>0</posy>
					<width>400</width>
					<height>400</height>
					<texture>clock/hours/11-2.png</texture>
				</control>
				<control type="image">
					<visible>System.Time(11:45,12:00) | System.Time(23:45,24:00)</visible>
					<posx>0</posx>
					<posy>0</posy>
					<width>400</width>
					<height>400</height>
					<texture>clock/hours/11-3.png</texture>
				</control>		
			</control>
		</control>
	</include>

<!--Clock black  -->
	<include name="Clock_Hour_black">
		<control type="grouplist">
			<posx>440</posx>
			<posy>70</posy>
			<width>400</width>
			<height>400</height>
			<itemgap>6</itemgap>
			<align>center</align>
			<orientation>horizontal</orientation>
			<control type="group">
				<posx>0</posx>
				<posy>0</posy>
				<width>400</width>
				<height>400</height>
				<visible>Skin.HasSetting(Enable_Clock_Animation)</visible>

	<!-- 00:00-01:00  -->
				<control type="image">
					<visible>System.Time(00:00,00:15) | System.Time(12:00,12:15)</visible>
					<posx>0</posx>
					<posy>0</posy>
					<width>400</width>
					<height>400</height>
					<texture>clock/hours_black/00-0.png</texture>
				</control>
				<control type="image">
					<visible>System.Time(00:15,00:30) | System.Time(12:15,12:30)</visible>
					<posx>0</posx>
					<posy>0</posy>
					<width>400</width>
					<height>400</height>
					<texture>clock/hours_black/00-1.png</texture>
				</control>
				<control type="image">
					<visible>System.Time(00:30,00:45) | System.Time(12:30,12:45)</visible>
					<posx>0</posx>
					<posy>0</posy>
					<width>400</width>
					<height>400</height>
					<texture>clock/hours_black/00-3.png</texture>
				</control>
				<control type="image">
					<visible>System.Time(00:45,01:00) | System.Time(12:45,13:00)</visible>
					<posx>0</posx>
					<posy>0</posy>
					<width>400</width>
					<height>400</height>
					<texture>clock/hours_black/00-4.png</texture>
				</control>
				
	<!-- 01:00-02:00  -->
				<control type="image">
					<visible>System.Time(01:00,01:15) | System.Time(13:00,13:15)</visible>
					<posx>0</posx>
					<posy>0</posy>
					<width>400</width>
					<height>400</height>
					<texture>clock/hours_black/01-0.png</texture>
				</control>
				<control type="image">
					<visible>System.Time(01:15,01:30) | System.Time(13:15,13:30)</visible>
					<posx>0</posx>
					<posy>0</posy>
					<width>400</width>
					<height>400</height>
					<texture>clock/hours_black/01-1.png</texture>
				</control>
				<control type="image">
					<visible>System.Time(01:30,01:45) | System.Time(13:30,13:45)</visible>
					<posx>0</posx>
					<posy>0</posy>
					<width>400</width>
					<height>400</height>
					<texture>clock/hours_black/01-3.png</texture>
				</control>
				<control type="image">
					<visible>System.Time(01:45,02:00) | System.Time(13:45,14:00)</visible>
					<posx>0</posx>
					<posy>0</posy>
					<width>400</width>
					<height>400</height>
					<texture>clock/hours_black/01-4.png</texture>
				</control>

	<!-- 02:00-03:00  -->
				<control type="image">
					<visible>System.Time(02:00,02:15) | System.Time(14:00,14:15)</visible>
					<posx>0</posx>
					<posy>0</posy>
					<width>400</width>
					<height>400</height>
					<texture>clock/hours_black/02-0.png</texture>
				</control>
				<control type="image">
					<visible>System.Time(02:15,02:30) | System.Time(14:15,14:30)</visible>
					<posx>0</posx>
					<posy>0</posy>
					<width>400</width>
					<height>400</height>
					<texture>clock/hours_black/02-1.png</texture>
				</control>
				<control type="image">
					<visible>System.Time(02:30,02:45) | System.Time(14:30,14:45)</visible>
					<posx>0</posx>
					<posy>0</posy>
					<width>400</width>
					<height>400</height>
					<texture>clock/hours_black/02-3.png</texture>
				</control>
				<control type="image">
					<visible>System.Time(02:45,03:00) | System.Time(14:45,15:00)</visible>
					<posx>0</posx>
					<posy>0</posy>
					<width>400</width>
					<height>400</height>
					<texture>clock/hours_black/02-4.png</texture>
				</control>
				
	<!-- 03:00-04:00  -->
				<control type="image">
					<visible>System.Time(03:00,03:15) | System.Time(15:00,15:15)</visible>
					<posx>0</posx>
					<posy>0</posy>
					<width>400</width>
					<height>400</height>
					<texture>clock/hours_black/03-0.png</texture>
				</control>
				<control type="image">
					<visible>System.Time(03:15,03:30) | System.Time(15:15,15:30)</visible>
					<posx>0</posx>
					<posy>0</posy>
					<width>400</width>
					<height>400</height>
					<texture>clock/hours_black/03-1.png</texture>
				</control>
				<control type="image">
					<visible>System.Time(03:30,03:45) | System.Time(15:30,15:45)</visible>
					<posx>0</posx>
					<posy>0</posy>
					<width>400</width>
					<height>400</height>
					<texture>clock/hours_black/03-3.png</texture>
				</control>
				<control type="image">
					<visible>System.Time(03:45,04:00) | System.Time(15:45,16:00)</visible>
					<posx>0</posx>
					<posy>0</posy>
					<width>400</width>
					<height>400</height>
					<texture>clock/hours_black/03-4.png</texture>
				</control>				

	<!-- 04:00-05:00  -->
				<control type="image">
					<visible>System.Time(04:00,04:15) | System.Time(16:00,16:15)</visible>
					<posx>0</posx>
					<posy>0</posy>
					<width>400</width>
					<height>400</height>
					<texture>clock/hours_black/04-0.png</texture>
				</control>
				<control type="image">
					<visible>System.Time(04:15,04:30) | System.Time(16:15,16:30)</visible>
					<posx>0</posx>
					<posy>0</posy>
					<width>400</width>
					<height>400</height>
					<texture>clock/hours_black/04-1.png</texture>
				</control>
				<control type="image">
					<visible>System.Time(04:30,04:45) | System.Time(16:30,16:45)</visible>
					<posx>0</posx>
					<posy>0</posy>
					<width>400</width>
					<height>400</height>
					<texture>clock/hours_black/04-3.png</texture>
				</control>
				<control type="image">
					<visible>System.Time(04:45,05:00) | System.Time(16:45,17:00)</visible>
					<posx>0</posx>
					<posy>0</posy>
					<width>400</width>
					<height>400</height>
					<texture>clock/hours_black/04-4.png</texture>
				</control>				

	<!-- 05:00-06:00  -->
				<control type="image">
					<visible>System.Time(05:00,05:15) | System.Time(17:00,17:15)</visible>
					<posx>0</posx>
					<posy>0</posy>
					<width>400</width>
					<height>400</height>
					<texture>clock/hours_black/05-0.png</texture>
				</control>
				<control type="image">
					<visible>System.Time(05:15,05:30) | System.Time(17:15,17:30)</visible>
					<posx>0</posx>
					<posy>0</posy>
					<width>400</width>
					<height>400</height>
					<texture>clock/hours_black/05-1.png</texture>
				</control>
				<control type="image">
					<visible>System.Time(05:30,05:45) | System.Time(17:30,17:45)</visible>
					<posx>0</posx>
					<posy>0</posy>
					<width>400</width>
					<height>400</height>
					<texture>clock/hours_black/05-3.png</texture>
				</control>
				<control type="image">
					<visible>System.Time(05:45,06:00) | System.Time(17:45,18:00)</visible>
					<posx>0</posx>
					<posy>0</posy>
					<width>400</width>
					<height>400</height>
					<texture>clock/hours_black/05-4.png</texture>
				</control>				

	<!-- 06:00-07:00  -->
				<control type="image">
					<visible>System.Time(06:00,06:15) | System.Time(18:00,18:15)</visible>
					<posx>0</posx>
					<posy>0</posy>
					<width>400</width>
					<height>400</height>
					<texture>clock/hours_black/06-0.png</texture>
				</control>
				<control type="image">
					<visible>System.Time(06:15,06:30) | System.Time(18:15,18:30)</visible>
					<posx>0</posx>
					<posy>0</posy>
					<width>400</width>
					<height>400</height>
					<texture>clock/hours_black/06-1.png</texture>
				</control>
				<control type="image">
					<visible>System.Time(06:30,06:45) | System.Time(18:30,18:45)</visible>
					<posx>0</posx>
					<posy>0</posy>
					<width>400</width>
					<height>400</height>
					<texture>clock/hours_black/06-3.png</texture>
				</control>
				<control type="image">
					<visible>System.Time(06:45,07:00) | System.Time(18:45,19:00)</visible>
					<posx>0</posx>
					<posy>0</posy>
					<width>400</width>
					<height>400</height>
					<texture>clock/hours_black/06-4.png</texture>
				</control>				

	<!-- 07:00-08:00  -->
				<control type="image">
					<visible>System.Time(07:00,07:15) | System.Time(19:00,19:15)</visible>
					<posx>0</posx>
					<posy>0</posy>
					<width>400</width>
					<height>400</height>
					<texture>clock/hours_black/07-0.png</texture>
				</control>
				<control type="image">
					<visible>System.Time(07:15,07:30) | System.Time(19:15,19:30)</visible>
					<posx>0</posx>
					<posy>0</posy>
					<width>400</width>
					<height>400</height>
					<texture>clock/hours_black/07-1.png</texture>
				</control>
				<control type="image">
					<visible>System.Time(07:30,07:45) | System.Time(19:30,19:45)</visible>
					<posx>0</posx>
					<posy>0</posy>
					<width>400</width>
					<height>400</height>
					<texture>clock/hours_black/07-3.png</texture>
				</control>
				<control type="image">
					<visible>System.Time(07:45,08:00) | System.Time(19:45,20:00)</visible>
					<posx>0</posx>
					<posy>0</posy>
					<width>400</width>
					<height>400</height>
					<texture>clock/hours_black/07-4.png</texture>
				</control>				

	<!-- 08:00-09:00  -->
				<control type="image">
					<visible>System.Time(08:00,08:15) | System.Time(20:00,20:15)</visible>
					<posx>0</posx>
					<posy>0</posy>
					<width>400</width>
					<height>400</height>
					<texture>clock/hours_black/08-0.png</texture>
				</control>
				<control type="image">
					<visible>System.Time(08:15,08:30) | System.Time(20:15,20:30)</visible>
					<posx>0</posx>
					<posy>0</posy>
					<width>400</width>
					<height>400</height>
					<texture>clock/hours_black/08-1.png</texture>
				</control>
				<control type="image">
					<visible>System.Time(08:30,08:45) | System.Time(20:30,20:45)</visible>
					<posx>0</posx>
					<posy>0</posy>
					<width>400</width>
					<height>400</height>
					<texture>clock/hours_black/08-3.png</texture>
				</control>
				<control type="image">
					<visible>System.Time(08:45,09:00) | System.Time(20:45,21:00)</visible>
					<posx>0</posx>
					<posy>0</posy>
					<width>400</width>
					<height>400</height>
					<texture>clock/hours_black/08-4.png</texture>
				</control>				

	<!-- 09:00-10:00  -->
				<control type="image">
					<visible>System.Time(09:00,09:15) | System.Time(21:00,21:15)</visible>
					<posx>0</posx>
					<posy>0</posy>
					<width>400</width>
					<height>400</height>
					<texture>clock/hours_black/09-0.png</texture>
				</control>
				<control type="image">
					<visible>System.Time(09:15,09:30) | System.Time(21:15,21:30)</visible>
					<posx>0</posx>
					<posy>0</posy>
					<width>400</width>
					<height>400</height>
					<texture>clock/hours_black/09-1.png</texture>
				</control>
				<control type="image">
					<visible>System.Time(09:30,09:45) | System.Time(21:30,21:45)</visible>
					<posx>0</posx>
					<posy>0</posy>
					<width>400</width>
					<height>400</height>
					<texture>clock/hours_black/09-3.png</texture>
				</control>
				<control type="image">
					<visible>System.Time(09:45,10:00) | System.Time(21:45,22:00)</visible>
					<posx>0</posx>
					<posy>0</posy>
					<width>400</width>
					<height>400</height>
					<texture>clock/hours_black/09-4.png</texture>
				</control>				

	<!-- 10:00-11:00  -->
				<control type="image">
					<visible>System.Time(10:00,10:15) | System.Time(22:00,22:15)</visible>
					<posx>0</posx>
					<posy>0</posy>
					<width>400</width>
					<height>400</height>
					<texture>clock/hours_black/10-0.png</texture>
				</control>
				<control type="image">
					<visible>System.Time(10:15,10:30) | System.Time(22:15,22:30)</visible>
					<posx>0</posx>
					<posy>0</posy>
					<width>400</width>
					<height>400</height>
					<texture>clock/hours_black/10-1.png</texture>
				</control>
				<control type="image">
					<visible>System.Time(10:30,10:45) | System.Time(22:30,22:45)</visible>
					<posx>0</posx>
					<posy>0</posy>
					<width>400</width>
					<height>400</height>
					<texture>clock/hours_black/10-2.png</texture>
				</control>
				<control type="image">
					<visible>System.Time(10:45,11:00) | System.Time(22:45,23:00)</visible>
					<posx>0</posx>
					<posy>0</posy>
					<width>400</width>
					<height>400</height>
					<texture>clock/hours_black/10-3.png</texture>
				</control>				

	<!-- 11:00-12:00  -->
				<control type="image">
					<visible>System.Time(11:00,11:15) | System.Time(23:00,23:15)</visible>
					<posx>0</posx>
					<posy>0</posy>
					<width>400</width>
					<height>400</height>
					<texture>clock/hours_black/11-0.png</texture>
				</control>
				<control type="image">
					<visible>System.Time(11:15,11:30) | System.Time(23:15,23:30)</visible>
					<posx>0</posx>
					<posy>0</posy>
					<width>400</width>
					<height>400</height>
					<texture>clock/hours_black/11-1.png</texture>
				</control>
				<control type="image">
					<visible>System.Time(11:30,11:45) | System.Time(23:30,23:45)</visible>
					<posx>0</posx>
					<posy>0</posy>
					<width>400</width>
					<height>400</height>
					<texture>clock/hours_black/11-2.png</texture>
				</control>
				<control type="image">
					<visible>System.Time(11:45,12:00) | System.Time(23:45,24:00)</visible>
					<posx>0</posx>
					<posy>0</posy>
					<width>400</width>
					<height>400</height>
					<texture>clock/hours_black/11-3.png</texture>
				</control>		
			</control>
		</control>
	</include>
</includes>
