<window id="2006">
	<defaultcontrol>9002</defaultcontrol>
	<!-- removed allowoverlay -->
	<controls>
		<control type="image">
			<posx>0</posx>
			<posy>0</posy>
			<width>ScreenWidth</width>
			<height>ScreenHeight</height>
			<visible>Skin.HasSetting(UseVisBgFull)</visible>
			<texture>$INFO[Skin.String(CustomVisBgFullPath)]</texture> 
		</control>  
		<control type="image">
			<posx>0</posx>
			<posy>0</posy>
			<width>ScreenWidth</width>
			<height>ScreenHeight</height>
			<visible>!Skin.HasSetting(UseVisBgFull)</visible>
			<texture>$INFO[Skin.String(CustomBackgroundPath)]</texture> 
		</control>  
		<control type="visualisation">
			<description>visualisation</description>
			<posx>0</posx>
			<posy>0</posy>
			<width>ScreenWidth</width>
			<height>ScreenHeight</height>
		</control>
		<control type="label">
			<description>Next Title</description>
			<visible>Integer.IsLessOrEqual(MusicPlayer.TimeRemaining,5)</visible>
			<posx>0</posx>
			<posy>650</posy>
			<width>screenwidth</width>
			<height>70</height>
			<font>font30_title</font>
			<label>Next Track:  [B]$INFO[MusicPlayer.offset(1).Artist] – $INFO[MusicPlayer.offset(1).Title][/B]</label>
			<align>center</align>
			<aligny>center</aligny>
			<textcolor>white</textcolor>
		</control>
		<!-- codec & viz infos -->
		<control type="group" id="0">
			<posx>0</posx>
			<posy>50</posy>
			<visible>Player.ShowCodec + ![Window.IsVisible(script-XBMC_Lyrics-main.xml) | Window.IsVisible(VisualisationSettings) | Window.IsVisible(VisualisationPresetList)]</visible>
			<animation effect="fade" time="200">VisibleChange</animation>
			<control type="image">
				<description>media info background image</description>
				<posx>0</posx>
				<posy>0</posy>
				<width>ScreenWidth</width>
				<height>105</height>
				<colordiffuse>AAFFFFFF</colordiffuse> 
				<texture>$INFO[Skin.String(CustomBackgroundPath)]</texture>  
			</control>
			<control type="label">
				<description>row 1 label</description>
				<posx>50</posx>
				<posy>10</posy>
				<label>-</label>
				<align>left</align>
				<label>$INFO[musicplayer.Codec,$LOCALIZE[21446]: ,]$INFO[musicplayer.Bitrate, · $LOCALIZE[623]: ,kbps]$INFO[musicplayer.bitspersample, · $LOCALIZE[612]: ,bit]$INFO[musicplayer.Samplerate, · $LOCALIZE[613]: ,kHz]$INFO[musicplayer.Channels, · $LOCALIZE[21444]: ]</label>
				<font>font16</font>
			</control>
			<control type="label">
				<description>row 2 label</description>
				<posx>50</posx>
				<posy>40</posy>
				<label>-</label>
				<align>left</align>
				<label>$INFO[Visualisation.Name] [I][COLOR=customcolor]($LOCALIZE[20166])[/COLOR][/I] · fps: $INFO[System.FPS]</label>
				<font>font16</font>
				<visible>Visualisation.Locked</visible>
			</control>
			<control type="label">
				<description>Unlocked row 2 label</description>
				<posx>50</posx>
				<posy>40</posy>
				<label>-</label>
				<align>left</align>
				<label>$INFO[Visualisation.Name] · fps: $INFO[System.FPS]</label>
				<font>font16</font>
				<visible>!Visualisation.Locked</visible>
			</control>
			<control type="label">
				<description>row 3 label</description>
				<posx>50</posx>
				<posy>70</posy>
				<label>-</label>
				<align>left</align>
				<label>$LOCALIZE[13388]: $INFO[Visualisation.Preset]</label>
				<font>font16</font>
			</control>
		</control>
		<!--<include>PlayerControlCommons</include>-->
		<include>CommonAudioVideoTitle</include>

	</controls>
</window>
