<window id="503">
	<defaultcontrol allways="true">6</defaultcontrol>
	<onunload>Skin.Reset(MediaSubMenuVisible2)</onunload>
	<controls>
		<include>CommonBackground</include>
		<include>FileCountCommons</include> 
		
		<control type="label">
			<description>Window label</description>
			<include>MediaWindowTitleCommons</include>
			<label>$LOCALIZE[10503]</label>
		</control>
<!-- Left List -->
		<control type="group">
			<posx>20</posx>
			<posy>75</posy>
			<include>Window_OpenClose_Animation_Zoom</include>
			<control type="image">
				<posx>0</posx>
				<posy>0</posy>
				<width>600</width>
				<height>60</height>
				<texture>dialog_back_black.png</texture>
				<colordiffuse>99FFFFFF</colordiffuse> 
			</control>
			<control type="image">
				<posx>0</posx>
				<posy>60</posy>
				<width>600</width>
				<height>450</height>
				<texture>dialog_back_black.png</texture>
<!--			<colordiffuse>99FFFFFF</colordiffuse> -->
			</control>
			<control type="label">
				<posx>0</posx>
				<posy>0</posy>
				<width>550</width>
				<height>60</height>
				<font>font24_title</font>
				<textcolor>white</textcolor>
				<scroll>true</scroll>
				<align>center</align>
				<aligny>center</aligny>
				<label>31058</label>
			</control>
			<control type="label">
				<description>number of files/pages in left list text label</description>
				<posx>0</posx>
				<posy>515</posy>
				<width>442</width>
				<font>font24_title</font>
				<align>left</align>
				<scroll>true</scroll>
				<textcolor>grey2</textcolor>
				<shadowcolor>black</shadowcolor>
				<label>[B]($INFO[Container(50).NumItems]) $LOCALIZE[31025] - $LOCALIZE[31024] ($INFO[Container(50).CurrentPage]/$INFO[Container(50).NumPages])[/B]</label>
			</control>
			<control type="panel" id="50">
				<posx>0</posx>
				<posy>60</posy>
				<width>600</width>
				<height>445</height>
				<onleft>75</onleft>
				<onright>75</onright>
				<onup>50</onup>
				<ondown>50</ondown>
				<viewtype label="">list</viewtype>
				<pagecontrol>30</pagecontrol>
				<scrolltime>200</scrolltime>
				<itemlayout height="60" width="530">
					<control type="image">
						<posx>0</posx>
						<posy>0</posy>
						<width>600</width>
						<height>60</height>
						<texture border="4">MenuItemNF.png</texture>
					</control>
					<control type="image">
						<posx>5</posx>
						<posy>5</posy>
						<width>50</width>
						<height>50</height>
						<texture background="true">$INFO[ListItem.Icon]</texture>
					</control>
					<control type="label">
						<posx>70</posx>
						<posy>0</posy>
						<width>520</width>
						<height>60</height>
						<font>font25</font>
						<textcolor>white</textcolor>
						<selectedcolor>selected</selectedcolor>
						<align>left</align>
						<aligny>center</aligny>
						<label>$INFO[ListItem.Label]</label>
					</control>
				</itemlayout>
				<focusedlayout height="60" width="530">
					<control type="image">
						<posx>0</posx>
						<posy>0</posy>
						<width>600</width>
						<height>60</height>
						<texture colordiffuse="$VAR[CustomColorFocus]" border="4">MenuItemNF.png</texture>
						<include>VisibleFadeEffect</include>
					</control>
					<control type="image">
						<posx>5</posx>
						<posy>5</posy>
						<width>50</width>
						<height>50</height>
						<texture background="true">$INFO[ListItem.Icon]</texture>
					</control>
					<control type="label">
						<posx>70</posx>
						<posy>0</posy>
						<width>520</width>
						<height>60</height>
						<font>font25</font>
						<textcolor>$VAR[CustomColorFocus]</textcolor>
						<selectedcolor>selected</selectedcolor>
						<align>left</align>
						<aligny>center</aligny>
						<label>$INFO[ListItem.Label]</label>
					</control>
				</focusedlayout>
			</control>
            <control type="button" id="6001">
				<visible>Control.IsVisible(30)</visible>
                <description>Button PageUp</description>
                <posx>558</posx>
                <posy>68</posy>
                <width>40</width>
                <height>40</height>
				<texturefocus colordiffuse="$VAR[CustomColorFocus]">arrow-up.png</texturefocus>
				<texturenofocus>arrow-up.png</texturenofocus>
                <colordiffuse>99FFFFFF</colordiffuse>
                <onclick>pageup(30)</onclick>
            </control>
			<control type="scrollbar" id="30">
				<visible>!Skin.HasSetting(ScrollbarBold)</visible>
				<posx>562</posx>
				<posy>108</posy>
				<width>30</width>
				<height>355</height>
				<texturesliderbackground border="0,14,0,14">ScrollBarV.png</texturesliderbackground>
				<texturesliderbar border="2,16,2,16">osdslidernib.png</texturesliderbar>
				<texturesliderbarfocus border="2,16,2,16">osdslidernib.png</texturesliderbarfocus>
				<textureslidernib>-</textureslidernib>
				<textureslidernibfocus>-</textureslidernibfocus>
				<onleft>21</onleft>
				<onright>30</onright>
				<ondown>21</ondown>
				<onup>21</onup>
				<showonepage>false</showonepage>
				<orientation>vertical</orientation>
			</control>
			<control type="scrollbar" id="30">
				<visible>Skin.HasSetting(ScrollbarBold)</visible>
				<posx>558</posx>
				<posy>108</posy>
				<width>40</width>
				<height>355</height>
                <texturesliderbackground colordiffuse="$VAR[CustomColorNofocus]">scrollbarv_bar_bold2.png</texturesliderbackground>
                <texturesliderbar colordiffuse="$VAR[CustomColorNofocus]">osdsliderbar_square.png</texturesliderbar>
                <texturesliderbarfocus colordiffuse="$VAR[CustomColorFocus]">osdsliderbar_square.png</texturesliderbarfocus>
                <textureslidernib colordiffuse="$VAR[CustomColorNofocus]">osdslidernib_square.png</textureslidernib>
                <textureslidernibfocus colordiffuse="$VAR[CustomColorFocus]">osdslidernib_square.png</textureslidernibfocus>
				<onleft>21</onleft>
				<onright>30</onright>
				<ondown>21</ondown>
				<onup>21</onup>
				<showonepage>false</showonepage>
				<orientation>vertical</orientation>
			</control>
            <control type="button" id="6002">
				<visible>Control.IsVisible(30)</visible>
                <description>Button PageDown</description>
                <posx>558</posx>
                <posy>463</posy>
                <width>40</width>
                <height>40</height>
				<texturefocus colordiffuse="$VAR[CustomColorFocus]">arrow-down.png</texturefocus>
				<texturenofocus>arrow-down.png</texturenofocus>
                <colordiffuse>99FFFFFF</colordiffuse>
                <onclick>pagedown(30)</onclick>
            </control>
		</control>
<!-- Right List -->
		<control type="group">
			<include>Window_OpenClose_Animation_Zoom</include>
			<posx>620r</posx>
			<posy>75</posy>
			<control type="image">
				<posx>0</posx>
				<posy>0</posy>
				<width>600</width>
				<height>60</height>
				<texture>dialog_back_black.png</texture>
				<colordiffuse>99FFFFFF</colordiffuse> 
			</control>
			<control type="image">
				<posx>0</posx>
				<posy>60</posy>
				<width>600</width>
				<height>450</height>
				<texture>dialog_back_black.png</texture>
<!--			<colordiffuse>99FFFFFF</colordiffuse> -->
			</control>
			<control type="label">
				<posx>0</posx>
				<posy>0</posy>
				<width>550</width>
				<height>60</height>
				<font>font24_title</font>
				<textcolor>white</textcolor>
				<scroll>true</scroll>
				<align>center</align>
				<aligny>center</aligny>
				<label>31059</label>
			</control>
			<control type="label">
				<description>Page Count Label</description>
				<posx>600</posx>
				<posy>515</posy>
				<width>442</width>
				<font>font24_title</font>
				<align>right</align>
				<scroll>true</scroll>
				<textcolor>grey2</textcolor>
				<shadowcolor>black</shadowcolor>
				<label>[B]($INFO[Container(100).NumItems]) $LOCALIZE[31025] - $LOCALIZE[31024] ($INFO[Container(100).CurrentPage]/$INFO[Container(100).NumPages])[/B]</label>
			</control>
			<control type="panel" id="100">
				<posx>0</posx>
				<posy>60</posy>
				<width>600</width>
				<height>445</height>
				<onleft>37</onleft>
				<onright>37</onright>
				<onup>100</onup>
				<ondown>100</ondown>
				<viewtype label="">list</viewtype>
				<pagecontrol>40</pagecontrol>
				<scrolltime>200</scrolltime>
				<itemlayout height="60" width="530">
					<control type="image">
						<posx>0</posx>
						<posy>0</posy>
						<width>600</width>
						<height>60</height>
						<texture border="4">MenuItemNF.png</texture>
					</control>
					<control type="image">
						<posx>5</posx>
						<posy>5</posy>
						<width>50</width>
						<height>50</height>
						<texture background="true">$INFO[ListItem.Icon]</texture>
					</control>
					<control type="label">
						<posx>70</posx>
						<posy>0</posy>
						<width>520</width>
						<height>60</height>
						<font>font25</font>
						<textcolor>white</textcolor>
						<selectedcolor>selected</selectedcolor>
						<align>left</align>
						<aligny>center</aligny>
						<label>$INFO[ListItem.Label]</label>
					</control>
				</itemlayout>
				<focusedlayout height="60" width="580">
					<control type="image">
						<posx>0</posx>
						<posy>0</posy>
						<width>600</width>
						<height>60</height>
						<texture colordiffuse="$VAR[CustomColorFocus]" border="4">MenuItemNF.png</texture>
						<include>VisibleFadeEffect</include>
					</control>
					<control type="image">
						<posx>5</posx>
						<posy>5</posy>
						<width>50</width>
						<height>50</height>
						<texture background="true">$INFO[ListItem.Icon]</texture>
					</control>
					<control type="label">
						<posx>70</posx>
						<posy>0</posy>
						<width>520</width>
						<height>60</height>
						<font>font25</font>
						<textcolor>$VAR[CustomColorFocus]</textcolor>
						<selectedcolor>selected</selectedcolor>
						<align>left</align>
						<aligny>center</aligny>
						<label>$INFO[ListItem.Label]</label>
					</control>
				</focusedlayout>
			</control>
            <control type="button" id="6003">
				<visible>Control.IsVisible(40)</visible>
                <description>Button PageUp</description>
                <posx>62r</posx>
                <posy>68</posy>
                <width>40</width>
                <height>40</height>
				<texturefocus colordiffuse="$VAR[CustomColorFocus]">arrow-up.png</texturefocus>
				<texturenofocus>arrow-up.png</texturenofocus>
                <colordiffuse>99FFFFFF</colordiffuse>
                <onclick>pageup(40)</onclick>
            </control>
			<control type="scrollbar" id="40">
				<visible>!Skin.HasSetting(ScrollbarBold)</visible>
				<posx>58r</posx>
				<posy>108</posy>
				<width>30</width>
				<height>355</height>
				<texturesliderbackground border="0,14,0,14">ScrollBarV.png</texturesliderbackground>
				<texturesliderbar border="2,16,2,16">osdslidernib.png</texturesliderbar>
				<texturesliderbarfocus border="2,16,2,16">osdslidernib.png</texturesliderbarfocus>
				<textureslidernib>-</textureslidernib>
				<textureslidernibfocus>-</textureslidernibfocus>
				<onleft>21</onleft>
				<onright>30</onright>
				<ondown>21</ondown>
				<onup>21</onup>
				<showonepage>false</showonepage>
				<orientation>vertical</orientation>
			</control>
			<control type="scrollbar" id="40">
				<visible>Skin.HasSetting(ScrollbarBold)</visible>
				<posx>62r</posx>
				<posy>108</posy>
				<width>40</width>
				<height>355</height>
                <texturesliderbackground colordiffuse="$VAR[CustomColorNofocus]">scrollbarv_bar_bold2.png</texturesliderbackground>
                <texturesliderbar colordiffuse="$VAR[CustomColorNofocus]">osdsliderbar_square.png</texturesliderbar>
                <texturesliderbarfocus colordiffuse="$VAR[CustomColorFocus]">osdsliderbar_square.png</texturesliderbarfocus>
                <textureslidernib colordiffuse="$VAR[CustomColorNofocus]">osdslidernib_square.png</textureslidernib>
                <textureslidernibfocus colordiffuse="$VAR[CustomColorFocus]">osdslidernib_square.png</textureslidernibfocus>
				<onleft>21</onleft>
				<onright>30</onright>
				<ondown>21</ondown>
				<onup>21</onup>
				<showonepage>false</showonepage>
				<orientation>vertical</orientation>
			</control>
            <control type="button" id="6004">
				<visible>Control.IsVisible(40)</visible>
                <description>Button PageDown</description>
                <posx>62r</posx>
                <posy>463</posy>
                <width>40</width>
                <height>40</height>
				<texturefocus colordiffuse="$VAR[CustomColorFocus]">arrow-down.png</texturefocus>
				<texturenofocus>arrow-down.png</texturenofocus>
                <colordiffuse>99FFFFFF</colordiffuse>
                <onclick>pagedown(40)</onclick>
            </control>          
		</control>
<!-- Popup Menu -->
		<control type="group">
			<visible>Skin.HasSetting(MediaSubMenuVisible2)</visible>
			<include>VisibleFadeEffect</include>
			<control type="button">
				<description>Hidden button to close the sort when its focused</description>
				<posx>0</posx>
				<posy>0</posy>
				<width>ScreenWidth</width>
				<height>ScreenHeight</height>
				<texturenofocus>1px_transparent.png</texturenofocus>
				<texturefocus>1px_transparent.png</texturefocus>
				<onclick>Skin.Reset(MediaSubMenuVisible2)</onclick>
			</control>
			<control type="group">
				<posx>340r</posx>
				<posy>340</posy>
				<control type="button">
					<description>Panel Background image</description>
					<posx>8</posx>
					<posy>8</posy>
					<width>304</width>
					<height>226</height>
					<texturefocus border="5">SubBack.png</texturefocus>
					<texturenofocus border="5">SubBack.png</texturenofocus>
					<onclick>noop</onclick>
				</control>
				<control type="image">
					<description>Panel Forground image</description>
					<posx>10</posx>
					<posy>10</posy>
					<width>300</width>
					<height>222</height>
					<texture border="5">SubBack2.png</texture>
				</control>
				<control type="grouplist">
					<posx>11</posx>
					<posy>11</posy>
					<width>298</width>
					<height>222</height>
					<onleft>9000</onleft>
					<onright>50</onright>
					<onup>9000</onup>
					<ondown>9000</ondown>
					<itemgap>0</itemgap>
					<control type="button" id="6">
						<label>31055</label>
						<width>300</width>
						<include>ButtonCommonValues2</include>
						<onclick>Skin.ToggleSetting(MediaSubMenuVisible2)</onclick>
					</control>
					<control type="button" id="7">
						<description>Save Button</description>
						<label>31056</label>
						<width>300</width>
						<include>ButtonCommonValues2</include>
						<onleft>50</onleft>
						<onclick>Skin.ToggleSetting(MediaSubMenuVisible2)</onclick>
					</control>
					<control type="button" id="8">
						<description>Clear button</description>
						<label>31057</label>
						<width>300</width>
						<include>ButtonCommonValues2</include>
						<onclick>Skin.ToggleSetting(MediaSubMenuVisible2)</onclick>
					</control>
					<control type="image">
						<posx>0</posx>
						<posy>100</posy>
						<width>298</width>
						<height>10</height>
						<texture>shelf_shadow.png</texture>
					</control>
				</control>
			</control>
		</control>
<!-- Submenu -->
		<control type="panel" id="9002">
			<visible>!Window.IsActive(PlayerControls)</visible>
			<include>VisibleFadeEffect</include>
			<include>SubMenuCommonLayout</include>
			<content>				
				<item>
					<description></description>
					<icon>arrow-big-up.png</icon>
					<label></label>
					<onclick>Skin.ToggleSetting(MediaSubMenuVisible2)</onclick>
				</item>
				<item>
					<label>1036</label>
					<onclick>ActivateWindow(Favourites)</onclick>
					<icon>icon_favourites_w.png</icon>
				</item>
				<item>
					<label>31200</label>
					<onclick>ParentDir</onclick>
					<icon>icon_back_w.png</icon>
				</item>
			</content>
		</control>

		<include>BottomNowPLaying</include>
		<include>HomeButtonCommons</include>
	</controls>

</window>
